x,y,ppscore,case,is_valid_score,metric,baseline_score,model_score,model
age,age,1.0,predict_itself,True,,0.0,1.0,
age,job,0.04188172463609817,classification,True,weighted F1,0.1596,0.1947974013841769,DecisionTreeClassifier()
age,marital,0.2706739842294794,classification,True,weighted F1,0.4492,0.5982872305135972,DecisionTreeClassifier()
age,education,0.014172086021012557,classification,True,weighted F1,0.1952,0.20660569482971092,DecisionTreeClassifier()
age,default,0.00254696613607989,classification,True,weighted F1,0.7042061281337048,0.7049595051086082,DecisionTreeClassifier()
age,housing,0.0,classification,True,weighted F1,0.4854,0.4716772771742691,DecisionTreeClassifier()
age,loan,0.0003247493323349068,classification,True,weighted F1,0.7506525486764385,0.7507335240947752,DecisionTreeClassifier()
age,contact,0.0,classification,True,weighted F1,0.5252,0.4994856266545484,DecisionTreeClassifier()
age,month,0.010131590407584913,classification,True,weighted F1,0.1936,0.20177011450467647,DecisionTreeClassifier()
age,day_of_week,0.0,classification,True,weighted F1,0.2008,0.20011758435132668,DecisionTreeClassifier()
age,duration,0.0,regression,True,mean absolute error,155.2018,171.97356667584734,DecisionTreeRegressor()
age,campaign,0.0,regression,True,mean absolute error,1.5188,1.7598650680752652,DecisionTreeRegressor()
age,pdays,0.0,regression,True,mean absolute error,34.3472,64.19188825669957,DecisionTreeRegressor()
age,previous,0.0,regression,True,mean absolute error,0.1646,0.2752079436089126,DecisionTreeRegressor()
age,poutcome,0.02376018336151998,classification,True,weighted F1,0.8086619878035733,0.8132082140573892,DecisionTreeClassifier()
age,emp.var.rate,0.0,regression,True,mean absolute error,1.27854,1.369605956690581,DecisionTreeRegressor()
age,cons.price.idx,0.011880081705021417,regression,True,mean absolute error,0.5086362000000009,0.5025935603858692,DecisionTreeRegressor()
age,cons.conf.idx,0.0,regression,True,mean absolute error,3.7565400000000007,3.896679707244326,DecisionTreeRegressor()
age,euribor3m,0.0,regression,True,mean absolute error,1.341607,1.5113207672039637,DecisionTreeRegressor()
age,nr.employed,0.0,regression,True,mean absolute error,54.77754000000009,58.30840007436418,DecisionTreeRegressor()
age,subscribed,0.03194451135077942,classification,True,weighted F1,0.8338834128245893,0.839189926029167,DecisionTreeClassifier()
job,age,0.1097956179812778,regression,True,mean absolute error,8.334,7.41896331974403,DecisionTreeRegressor()
job,job,1.0,predict_itself,True,,0.0,1.0,
job,marital,0.06608222817978297,classification,True,weighted F1,0.4492,0.48559809128142445,DecisionTreeClassifier()
job,education,0.33116057657979403,classification,True,weighted F1,0.1952,0.46171803203141826,DecisionTreeClassifier()
job,default,1.4032191920856588e-07,classification,True,weighted F1,0.7042061281337048,0.7042061696400685,DecisionTreeClassifier()
job,housing,0.0,classification,True,weighted F1,0.4854,0.400230700997642,DecisionTreeClassifier()
job,loan,2.0995751663841818e-07,classification,True,weighted F1,0.7506525486764385,0.7506526010288102,DecisionTreeClassifier()
job,contact,0.0,classification,True,weighted F1,0.5252,0.4984032828549336,DecisionTreeClassifier()
job,month,0.0,classification,True,weighted F1,0.1936,0.1927353760482632,DecisionTreeClassifier()
job,day_of_week,0.0,classification,True,weighted F1,0.2008,0.14008994083848827,DecisionTreeClassifier()
job,duration,0.0,regression,True,mean absolute error,155.2018,169.7608032195704,DecisionTreeRegressor()
job,campaign,0.0,regression,True,mean absolute error,1.5188,1.750682509326853,DecisionTreeRegressor()
job,pdays,0.0,regression,True,mean absolute error,34.3472,64.47709202015358,DecisionTreeRegressor()
job,previous,0.0,regression,True,mean absolute error,0.1646,0.2785435280347437,DecisionTreeRegressor()
job,poutcome,1.9204200000683682e-07,classification,True,weighted F1,0.8086619878035733,0.8086620245485079,DecisionTreeClassifier()
job,emp.var.rate,0.0,regression,True,mean absolute error,1.27854,1.3994821898916472,DecisionTreeRegressor()
job,cons.price.idx,0.00857604768602438,regression,True,mean absolute error,0.5086362000000009,0.5042741116939626,DecisionTreeRegressor()
job,cons.conf.idx,0.0,regression,True,mean absolute error,3.7565400000000007,3.8524619675689227,DecisionTreeRegressor()
job,euribor3m,0.0,regression,True,mean absolute error,1.341607,1.5757494938137737,DecisionTreeRegressor()
job,nr.employed,0.0,regression,True,mean absolute error,54.77754000000009,60.55428315775,DecisionTreeRegressor()
job,subscribed,2.1506742006964751e-07,classification,True,weighted F1,0.8338834128245893,0.8338834485508552,DecisionTreeClassifier()
marital,age,0.09000979212627269,regression,True,mean absolute error,8.334,7.583858392419643,DecisionTreeRegressor()
marital,job,0.02546536155795807,classification,True,weighted F1,0.1596,0.18100108985330796,DecisionTreeClassifier()
marital,marital,1.0,predict_itself,True,,0.0,1.0,
marital,education,0.0,classification,True,weighted F1,0.1952,0.13440165494578823,DecisionTreeClassifier()
marital,default,1.4032191920856588e-07,classification,True,weighted F1,0.7042061281337048,0.7042061696400685,DecisionTreeClassifier()
marital,housing,0.0,classification,True,weighted F1,0.4854,0.3802023806160358,DecisionTreeClassifier()
marital,loan,2.0995751663841818e-07,classification,True,weighted F1,0.7506525486764385,0.7506526010288102,DecisionTreeClassifier()
marital,contact,0.0,classification,True,weighted F1,0.5252,0.4949951353586341,DecisionTreeClassifier()
marital,month,0.0,classification,True,weighted F1,0.1936,0.17023901167968067,DecisionTreeClassifier()
marital,day_of_week,0.0,classification,True,weighted F1,0.2008,0.12576612880375782,DecisionTreeClassifier()
marital,duration,0.0,regression,True,mean absolute error,155.2018,169.68879233658217,DecisionTreeRegressor()
marital,campaign,0.0,regression,True,mean absolute error,1.5188,1.7555198935567677,DecisionTreeRegressor()
marital,pdays,0.0,regression,True,mean absolute error,34.3472,66.25313860208799,DecisionTreeRegressor()
marital,previous,0.0,regression,True,mean absolute error,0.1646,0.285373083928164,DecisionTreeRegressor()
marital,poutcome,1.9204200000683682e-07,classification,True,weighted F1,0.8086619878035733,0.8086620245485079,DecisionTreeClassifier()
marital,emp.var.rate,0.0,regression,True,mean absolute error,1.27854,1.4278234204420173,DecisionTreeRegressor()
marital,cons.price.idx,0.0009605638606672295,regression,True,mean absolute error,0.5086362000000009,0.5081476224480538,DecisionTreeRegressor()
marital,cons.conf.idx,0.0,regression,True,mean absolute error,3.7565400000000007,3.9407703629866386,DecisionTreeRegressor()
marital,euribor3m,0.0,regression,True,mean absolute error,1.341607,1.6093804989466864,DecisionTreeRegressor()
marital,nr.employed,0.0,regression,True,mean absolute error,54.77754000000009,62.210959251575034,DecisionTreeRegressor()
marital,subscribed,2.1506742006964751e-07,classification,True,weighted F1,0.8338834128245893,0.8338834485508552,DecisionTreeClassifier()
education,age,0.02423271462694976,regression,True,mean absolute error,8.334,8.132044556299,DecisionTreeRegressor()
education,job,0.2566779674475646,classification,True,weighted F1,0.1596,0.3753121638429333,DecisionTreeClassifier()
education,marital,0.0,classification,True,weighted F1,0.4492,0.44455341865194586,DecisionTreeClassifier()
education,education,1.0,predict_itself,True,,0.0,1.0,
education,default,1.4032191920856588e-07,classification,True,weighted F1,0.7042061281337048,0.7042061696400685,DecisionTreeClassifier()
education,housing,0.0,classification,True,weighted F1,0.4854,0.387218435376155,DecisionTreeClassifier()
education,loan,2.0995751663841818e-07,classification,True,weighted F1,0.7506525486764385,0.7506526010288102,DecisionTreeClassifier()
education,contact,0.0,classification,True,weighted F1,0.5252,0.4949000126670921,DecisionTreeClassifier()
education,month,0.0,classification,True,weighted F1,0.1936,0.17100796590412026,DecisionTreeClassifier()
education,day_of_week,0.0,classification,True,weighted F1,0.2008,0.14337793692776885,DecisionTreeClassifier()
education,duration,0.0,regression,True,mean absolute error,155.2018,169.7704265967328,DecisionTreeRegressor()
education,campaign,0.0,regression,True,mean absolute error,1.5188,1.7573120163159683,DecisionTreeRegressor()
education,pdays,0.0,regression,True,mean absolute error,34.3472,66.10831554571017,DecisionTreeRegressor()
education,previous,0.0,regression,True,mean absolute error,0.1646,0.28612973783213735,DecisionTreeRegressor()
education,poutcome,1.9204200000683682e-07,classification,True,weighted F1,0.8086619878035733,0.8086620245485079,DecisionTreeClassifier()
education,emp.var.rate,0.0,regression,True,mean absolute error,1.27854,1.4347059136605342,DecisionTreeRegressor()
education,cons.price.idx,0.015439902852231291,regression,True,mean absolute error,0.5086362000000009,0.5007829064848728,DecisionTreeRegressor()
education,cons.conf.idx,0.0,regression,True,mean absolute error,3.7565400000000007,3.9024505976838433,DecisionTreeRegressor()
education,euribor3m,0.0,regression,True,mean absolute error,1.341607,1.6264273353700802,DecisionTreeRegressor()
education,nr.employed,0.0,regression,True,mean absolute error,54.77754000000009,62.86197590996197,DecisionTreeRegressor()
education,subscribed,2.1506742006964751e-07,classification,True,weighted F1,0.8338834128245893,0.8338834485508552,DecisionTreeClassifier()
default,age,0.011010954888976188,regression,True,mean absolute error,8.334,8.242234701955272,DecisionTreeRegressor()
default,job,0.027196472976977994,classification,True,weighted F1,0.1596,0.1824559158898523,DecisionTreeClassifier()
default,marital,0.0,classification,True,weighted F1,0.4492,0.4446470579658776,DecisionTreeClassifier()
default,education,0.0,classification,True,weighted F1,0.1952,0.16869545823571241,DecisionTreeClassifier()
default,default,1.0,predict_itself,True,,0.0,1.0,
default,housing,0.0,classification,True,weighted F1,0.4854,0.37823879903879903,DecisionTreeClassifier()
default,loan,2.0995751663841818e-07,classification,True,weighted F1,0.7506525486764385,0.7506526010288102,DecisionTreeClassifier()
default,contact,0.0,classification,True,weighted F1,0.5252,0.4949951353586341,DecisionTreeClassifier()
default,month,0.0,classification,True,weighted F1,0.1936,0.17023901167968067,DecisionTreeClassifier()
default,day_of_week,0.0,classification,True,weighted F1,0.2008,0.11854843692017303,DecisionTreeClassifier()
default,duration,0.0,regression,True,mean absolute error,155.2018,169.65194480909213,DecisionTreeRegressor()
default,campaign,0.0,regression,True,mean absolute error,1.5188,1.7533865494842282,DecisionTreeRegressor()
default,pdays,0.0,regression,True,mean absolute error,34.3472,65.94270114526499,DecisionTreeRegressor()
default,previous,0.0,regression,True,mean absolute error,0.1646,0.2825950528224801,DecisionTreeRegressor()
default,poutcome,1.9204200000683682e-07,classification,True,weighted F1,0.8086619878035733,0.8086620245485079,DecisionTreeClassifier()
default,emp.var.rate,0.0,regression,True,mean absolute error,1.27854,1.369944169831666,DecisionTreeRegressor()
default,cons.price.idx,0.031058392966355708,regression,True,mean absolute error,0.5086362000000009,0.49283877702348694,DecisionTreeRegressor()
default,cons.conf.idx,0.0,regression,True,mean absolute error,3.7565400000000007,3.9504654544946916,DecisionTreeRegressor()
default,euribor3m,0.0,regression,True,mean absolute error,1.341607,1.5726430205010677,DecisionTreeRegressor()
default,nr.employed,0.0,regression,True,mean absolute error,54.77754000000009,60.818154541410856,DecisionTreeRegressor()
default,subscribed,2.1506742006964751e-07,classification,True,weighted F1,0.8338834128245893,0.8338834485508552,DecisionTreeClassifier()
housing,age,0.0,regression,True,mean absolute error,8.334,8.466576825606401,DecisionTreeRegressor()
housing,job,0.0,classification,True,weighted F1,0.1596,0.11008323616227458,DecisionTreeClassifier()
housing,marital,0.0,classification,True,weighted F1,0.4492,0.4446470579658776,DecisionTreeClassifier()
housing,education,0.0,classification,True,weighted F1,0.1952,0.13440165494578823,DecisionTreeClassifier()
housing,default,1.4032191920856588e-07,classification,True,weighted F1,0.7042061281337048,0.7042061696400685,DecisionTreeClassifier()
housing,housing,1.0,predict_itself,True,,0.0,1.0,
housing,loan,0.12945300673112176,classification,True,weighted F1,0.7506525486764385,0.7829313259710156,DecisionTreeClassifier()
housing,contact,0.0,classification,True,weighted F1,0.5252,0.49719125183667995,DecisionTreeClassifier()
housing,month,0.0,classification,True,weighted F1,0.1936,0.17023901167968067,DecisionTreeClassifier()
housing,day_of_week,0.0,classification,True,weighted F1,0.2008,0.11161205054321002,DecisionTreeClassifier()
housing,duration,0.0,regression,True,mean absolute error,155.2018,169.6667120006191,DecisionTreeRegressor()
housing,campaign,0.0,regression,True,mean absolute error,1.5188,1.7564947333576744,DecisionTreeRegressor()
housing,pdays,0.0,regression,True,mean absolute error,34.3472,66.2911200782661,DecisionTreeRegressor()
housing,previous,0.0,regression,True,mean absolute error,0.1646,0.2861293122770253,DecisionTreeRegressor()
housing,poutcome,1.9204200000683682e-07,classification,True,weighted F1,0.8086619878035733,0.8086620245485079,DecisionTreeClassifier()
housing,emp.var.rate,0.0,regression,True,mean absolute error,1.27854,1.427585612038355,DecisionTreeRegressor()
housing,cons.price.idx,0.004429475304413399,regression,True,mean absolute error,0.5086362000000009,0.5063832085131702,DecisionTreeRegressor()
housing,cons.conf.idx,0.0,regression,True,mean absolute error,3.7565400000000007,3.951979749943729,DecisionTreeRegressor()
housing,euribor3m,0.0,regression,True,mean absolute error,1.341607,1.6190736766424,DecisionTreeRegressor()
housing,nr.employed,0.0,regression,True,mean absolute error,54.77754000000009,62.56349548267252,DecisionTreeRegressor()
housing,subscribed,2.1506742006964751e-07,classification,True,weighted F1,0.8338834128245893,0.8338834485508552,DecisionTreeClassifier()
loan,age,0.0,regression,True,mean absolute error,8.334,8.46369942839403,DecisionTreeRegressor()
loan,job,0.0,classification,True,weighted F1,0.1596,0.11008323616227458,DecisionTreeClassifier()
loan,marital,0.0,classification,True,weighted F1,0.4492,0.4446470579658776,DecisionTreeClassifier()
loan,education,0.0,classification,True,weighted F1,0.1952,0.13440165494578823,DecisionTreeClassifier()
loan,default,1.4032191920856588e-07,classification,True,weighted F1,0.7042061281337048,0.7042061696400685,DecisionTreeClassifier()
loan,housing,0.0,classification,True,weighted F1,0.4854,0.40672427916318366,DecisionTreeClassifier()
loan,loan,1.0,predict_itself,True,,0.0,1.0,
loan,contact,0.0,classification,True,weighted F1,0.5252,0.49719125183667995,DecisionTreeClassifier()
loan,month,0.0,classification,True,weighted F1,0.1936,0.17023901167968067,DecisionTreeClassifier()
loan,day_of_week,0.0,classification,True,weighted F1,0.2008,0.08114258152661813,DecisionTreeClassifier()
loan,duration,0.0,regression,True,mean absolute error,155.2018,169.69999423680642,DecisionTreeRegressor()
loan,campaign,0.0,regression,True,mean absolute error,1.5188,1.7586460017519832,DecisionTreeRegressor()
loan,pdays,0.0,regression,True,mean absolute error,34.3472,66.33729621717357,DecisionTreeRegressor()
loan,previous,0.0,regression,True,mean absolute error,0.1646,0.28636671678636233,DecisionTreeRegressor()
loan,poutcome,1.9204200000683682e-07,classification,True,weighted F1,0.8086619878035733,0.8086620245485079,DecisionTreeClassifier()
loan,emp.var.rate,0.0,regression,True,mean absolute error,1.27854,1.4368947086210269,DecisionTreeRegressor()
loan,cons.price.idx,0.0,regression,True,mean absolute error,0.5086362000000009,0.5099012837175855,DecisionTreeRegressor()
loan,cons.conf.idx,0.0,regression,True,mean absolute error,3.7565400000000007,3.9502414346956165,DecisionTreeRegressor()
loan,euribor3m,0.0,regression,True,mean absolute error,1.341607,1.6269290290223326,DecisionTreeRegressor()
loan,nr.employed,0.0,regression,True,mean absolute error,54.77754000000009,62.87228410742638,DecisionTreeRegressor()
loan,subscribed,2.1506742006964751e-07,classification,True,weighted F1,0.8338834128245893,0.8338834485508552,DecisionTreeClassifier()
contact,age,0.0,regression,True,mean absolute error,8.334,8.467264369613435,DecisionTreeRegressor()
contact,job,0.008023522903379808,classification,True,weighted F1,0.1596,0.16634296864800038,DecisionTreeClassifier()
contact,marital,0.0,classification,True,weighted F1,0.4492,0.4446470579658776,DecisionTreeClassifier()
contact,education,0.0,classification,True,weighted F1,0.1952,0.1656266085400569,DecisionTreeClassifier()
contact,default,1.4032191920856588e-07,classification,True,weighted F1,0.7042061281337048,0.7042061696400685,DecisionTreeClassifier()
contact,housing,0.0,classification,True,weighted F1,0.4854,0.41213974770038353,DecisionTreeClassifier()
contact,loan,2.0995751663841818e-07,classification,True,weighted F1,0.7506525486764385,0.7506526010288102,DecisionTreeClassifier()
contact,contact,1.0,predict_itself,True,,0.0,1.0,
contact,month,0.07641104541559673,classification,True,weighted F1,0.1936,0.2552178670231372,DecisionTreeClassifier()
contact,day_of_week,0.0,classification,True,weighted F1,0.2008,0.11894213602315629,DecisionTreeClassifier()
contact,duration,0.0,regression,True,mean absolute error,155.2018,169.64474225061383,DecisionTreeRegressor()
contact,campaign,0.0,regression,True,mean absolute error,1.5188,1.744715186192969,DecisionTreeRegressor()
contact,pdays,0.0,regression,True,mean absolute error,34.3472,65.57851597009515,DecisionTreeRegressor()
contact,previous,0.0,regression,True,mean absolute error,0.1646,0.27183248163836693,DecisionTreeRegressor()
contact,poutcome,1.9204200000683682e-07,classification,True,weighted F1,0.8086619878035733,0.8086620245485079,DecisionTreeClassifier()
contact,emp.var.rate,0.04605219834670149,regression,True,mean absolute error,1.27854,1.2196604223258083,DecisionTreeRegressor()
contact,cons.price.idx,0.30242106768422083,regression,True,mean absolute error,0.5086362000000009,0.3548138973331557,DecisionTreeRegressor()
contact,cons.conf.idx,0.01280315433817003,regression,True,mean absolute error,3.7565400000000007,3.7084444386024913,DecisionTreeRegressor()
contact,euribor3m,0.0,regression,True,mean absolute error,1.341607,1.397749326762574,DecisionTreeRegressor()
contact,nr.employed,0.0,regression,True,mean absolute error,54.77754000000009,56.49461654801371,DecisionTreeRegressor()
contact,subscribed,2.1506742006964751e-07,classification,True,weighted F1,0.8338834128245893,0.8338834485508552,DecisionTreeClassifier()
month,age,0.0,regression,True,mean absolute error,8.334,8.483805601416803,DecisionTreeRegressor()
month,job,0.023606054051028943,classification,True,weighted F1,0.1596,0.17943852782448472,DecisionTreeClassifier()
month,marital,0.0,classification,True,weighted F1,0.4492,0.4446470579658776,DecisionTreeClassifier()
month,education,0.025159487146450887,classification,True,weighted F1,0.1952,0.21544835525546369,DecisionTreeClassifier()
month,default,1.4032191920856588e-07,classification,True,weighted F1,0.7042061281337048,0.7042061696400685,DecisionTreeClassifier()
month,housing,0.0,classification,True,weighted F1,0.4854,0.4698597766327513,DecisionTreeClassifier()
month,loan,2.0995751663841818e-07,classification,True,weighted F1,0.7506525486764385,0.7506526010288102,DecisionTreeClassifier()
month,contact,0.5523506185715357,classification,True,weighted F1,0.5252,0.7874560736977652,DecisionTreeClassifier()
month,month,1.0,predict_itself,True,,0.0,1.0,
month,day_of_week,0.0,classification,True,weighted F1,0.2008,0.18048347183451924,DecisionTreeClassifier()
month,duration,0.0,regression,True,mean absolute error,155.2018,169.3589904208145,DecisionTreeRegressor()
month,campaign,0.0,regression,True,mean absolute error,1.5188,1.7301591826038796,DecisionTreeRegressor()
month,pdays,0.0,regression,True,mean absolute error,34.3472,62.8284604832068,DecisionTreeRegressor()
month,previous,0.0,regression,True,mean absolute error,0.1646,0.25837675217499434,DecisionTreeRegressor()
month,poutcome,1.9204200000683682e-07,classification,True,weighted F1,0.8086619878035733,0.8086620245485079,DecisionTreeClassifier()
month,emp.var.rate,0.249854108298862,regression,True,mean absolute error,1.27854,0.959091528375573,DecisionTreeRegressor()
month,cons.price.idx,0.34727519931312234,regression,True,mean absolute error,0.5086362000000009,0.3319994622671314,DecisionTreeRegressor()
month,cons.conf.idx,0.3178016820534755,regression,True,mean absolute error,3.7565400000000007,2.5627052692988377,DecisionTreeRegressor()
month,euribor3m,0.19379771228668052,regression,True,mean absolute error,1.341607,1.0816066326122034,DecisionTreeRegressor()
month,nr.employed,0.27345169487866006,regression,True,mean absolute error,54.77754000000009,39.79852884571647,DecisionTreeRegressor()
month,subscribed,0.08942024931836765,classification,True,weighted F1,0.8338834128245893,0.8487375994657309,DecisionTreeClassifier()
day_of_week,age,0.0,regression,True,mean absolute error,8.334,8.460679315409264,DecisionTreeRegressor()
day_of_week,job,0.0,classification,True,weighted F1,0.1596,0.15149832326455975,DecisionTreeClassifier()
day_of_week,marital,0.0,classification,True,weighted F1,0.4492,0.4446470579658776,DecisionTreeClassifier()
day_of_week,education,0.0,classification,True,weighted F1,0.1952,0.13440165494578823,DecisionTreeClassifier()
day_of_week,default,1.4032191920856588e-07,classification,True,weighted F1,0.7042061281337048,0.7042061696400685,DecisionTreeClassifier()
day_of_week,housing,0.0,classification,True,weighted F1,0.4854,0.37823879903879903,DecisionTreeClassifier()
day_of_week,loan,2.0995751663841818e-07,classification,True,weighted F1,0.7506525486764385,0.7506526010288102,DecisionTreeClassifier()
day_of_week,contact,0.0,classification,True,weighted F1,0.5252,0.4949951353586341,DecisionTreeClassifier()
day_of_week,month,0.0,classification,True,weighted F1,0.1936,0.17023901167968067,DecisionTreeClassifier()
day_of_week,day_of_week,1.0,predict_itself,True,,0.0,1.0,
day_of_week,duration,0.0,regression,True,mean absolute error,155.2018,169.6522998603481,DecisionTreeRegressor()
day_of_week,campaign,0.0,regression,True,mean absolute error,1.5188,1.7529566077683456,DecisionTreeRegressor()
day_of_week,pdays,0.0,regression,True,mean absolute error,34.3472,66.2740751968536,DecisionTreeRegressor()
day_of_week,previous,0.0,regression,True,mean absolute error,0.1646,0.28640496225151924,DecisionTreeRegressor()
day_of_week,poutcome,1.9204200000683682e-07,classification,True,weighted F1,0.8086619878035733,0.8086620245485079,DecisionTreeClassifier()
day_of_week,emp.var.rate,0.0,regression,True,mean absolute error,1.27854,1.4371716166131903,DecisionTreeRegressor()
day_of_week,cons.price.idx,0.0,regression,True,mean absolute error,0.5086362000000009,0.5104998055077155,DecisionTreeRegressor()
day_of_week,cons.conf.idx,0.0,regression,True,mean absolute error,3.7565400000000007,3.939155762533513,DecisionTreeRegressor()
day_of_week,euribor3m,0.0,regression,True,mean absolute error,1.341607,1.6257011189466617,DecisionTreeRegressor()
day_of_week,nr.employed,0.0,regression,True,mean absolute error,54.77754000000009,62.8458503885217,DecisionTreeRegressor()
day_of_week,subscribed,2.1506742006964751e-07,classification,True,weighted F1,0.8338834128245893,0.8338834485508552,DecisionTreeClassifier()
duration,age,0.0,regression,True,mean absolute error,8.334,9.329324177183363,DecisionTreeRegressor()
duration,job,0.011697000410522155,classification,True,weighted F1,0.1596,0.1694301591450028,DecisionTreeClassifier()
duration,marital,0.06699639525928855,classification,True,weighted F1,0.4492,0.4861016145088161,DecisionTreeClassifier()
duration,education,0.0,classification,True,weighted F1,0.1952,0.1914090645818457,DecisionTreeClassifier()
duration,default,0.009656325087519811,classification,True,weighted F1,0.7042061281337048,0.7070624099193419,DecisionTreeClassifier()
duration,housing,0.008920298390840527,classification,True,weighted F1,0.4854,0.48999038555192653,DecisionTreeClassifier()
duration,loan,0.0,classification,True,weighted F1,0.7506525486764385,0.743246917363013,DecisionTreeClassifier()
duration,contact,0.07016401021804532,classification,True,weighted F1,0.5252,0.5585138720515279,DecisionTreeClassifier()
duration,month,0.026149783370207364,classification,True,weighted F1,0.1936,0.2146871853097352,DecisionTreeClassifier()
duration,day_of_week,0.0,classification,True,weighted F1,0.2008,0.1984487032020868,DecisionTreeClassifier()
duration,duration,1.0,predict_itself,True,,0.0,1.0,
duration,campaign,0.0,regression,True,mean absolute error,1.5188,1.8161876733054043,DecisionTreeRegressor()
duration,pdays,0.0,regression,True,mean absolute error,34.3472,63.88073496918772,DecisionTreeRegressor()
duration,previous,0.0,regression,True,mean absolute error,0.1646,0.2830343374074438,DecisionTreeRegressor()
duration,poutcome,0.0,classification,True,weighted F1,0.8086619878035733,0.7984765414355784,DecisionTreeClassifier()
duration,emp.var.rate,0.0,regression,True,mean absolute error,1.27854,1.481098064569903,DecisionTreeRegressor()
duration,cons.price.idx,0.0,regression,True,mean absolute error,0.5086362000000009,0.5311020913599352,DecisionTreeRegressor()
duration,cons.conf.idx,0.0,regression,True,mean absolute error,3.7565400000000007,4.223710331847036,DecisionTreeRegressor()
duration,euribor3m,0.0,regression,True,mean absolute error,1.341607,1.6415100411558627,DecisionTreeRegressor()
duration,nr.employed,0.0,regression,True,mean absolute error,54.77754000000009,64.98189261384981,DecisionTreeRegressor()
duration,subscribed,0.17746746097732727,classification,True,weighted F1,0.8338834128245893,0.8633637017768283,DecisionTreeClassifier()
campaign,age,0.0,regression,True,mean absolute error,8.334,8.488765639700162,DecisionTreeRegressor()
campaign,job,0.0,classification,True,weighted F1,0.1596,0.1100609152906708,DecisionTreeClassifier()
campaign,marital,0.0,classification,True,weighted F1,0.4492,0.4441724276324339,DecisionTreeClassifier()
campaign,education,0.0,classification,True,weighted F1,0.1952,0.14887422942507572,DecisionTreeClassifier()
campaign,default,0.005072964666681802,classification,True,weighted F1,0.7042061281337048,0.7057066799943035,DecisionTreeClassifier()
campaign,housing,0.0,classification,True,weighted F1,0.4854,0.39937121237994244,DecisionTreeClassifier()
campaign,loan,0.0033533992665029278,classification,True,weighted F1,0.7506525486764385,0.7514887102368113,DecisionTreeClassifier()
campaign,contact,0.0,classification,True,weighted F1,0.5252,0.5164248345812177,DecisionTreeClassifier()
campaign,month,0.0,classification,True,weighted F1,0.1936,0.18017456358558126,DecisionTreeClassifier()
campaign,day_of_week,0.0,classification,True,weighted F1,0.2008,0.1518391042112572,DecisionTreeClassifier()
campaign,duration,0.0,regression,True,mean absolute error,155.2018,168.87830530351948,DecisionTreeRegressor()
campaign,campaign,1.0,predict_itself,True,,0.0,1.0,
campaign,pdays,0.0,regression,True,mean absolute error,34.3472,65.95441634702078,DecisionTreeRegressor()
campaign,previous,0.0,regression,True,mean absolute error,0.1646,0.2832975034787389,DecisionTreeRegressor()
campaign,poutcome,1.9204200000683682e-07,classification,True,weighted F1,0.8086619878035733,0.8086620245485079,DecisionTreeClassifier()
campaign,emp.var.rate,0.0,regression,True,mean absolute error,1.27854,1.3967811542344548,DecisionTreeRegressor()
campaign,cons.price.idx,0.011331909831086562,regression,True,mean absolute error,0.5086362000000009,0.5028723804447743,DecisionTreeRegressor()
campaign,cons.conf.idx,0.0,regression,True,mean absolute error,3.7565400000000007,3.9516722878431008,DecisionTreeRegressor()
campaign,euribor3m,0.0,regression,True,mean absolute error,1.341607,1.5982206315690635,DecisionTreeRegressor()
campaign,nr.employed,0.0,regression,True,mean absolute error,54.77754000000009,61.81197680332821,DecisionTreeRegressor()
campaign,subscribed,2.1506742006964751e-07,classification,True,weighted F1,0.8338834128245893,0.8338834485508552,DecisionTreeClassifier()
pdays,age,0.0,regression,True,mean absolute error,8.334,8.489598934855213,DecisionTreeRegressor()
pdays,job,0.0,classification,True,weighted F1,0.1596,0.10176714475088738,DecisionTreeClassifier()
pdays,marital,0.0,classification,True,weighted F1,0.4492,0.44885151674930596,DecisionTreeClassifier()
pdays,education,0.0,classification,True,weighted F1,0.1952,0.14221716985342317,DecisionTreeClassifier()
pdays,default,1.4032191920856588e-07,classification,True,weighted F1,0.7042061281337048,0.7042061696400685,DecisionTreeClassifier()
pdays,housing,0.0,classification,True,weighted F1,0.4854,0.38290962311508125,DecisionTreeClassifier()
pdays,loan,0.0,classification,True,weighted F1,0.7506525486764385,0.750526381339015,DecisionTreeClassifier()
pdays,contact,0.0,classification,True,weighted F1,0.5252,0.4948048499664487,DecisionTreeClassifier()
pdays,month,0.0,classification,True,weighted F1,0.1936,0.17943968697032456,DecisionTreeClassifier()
pdays,day_of_week,0.0,classification,True,weighted F1,0.2008,0.08274471271242637,DecisionTreeClassifier()
pdays,duration,0.0,regression,True,mean absolute error,155.2018,169.95650156138663,DecisionTreeRegressor()
pdays,campaign,0.0,regression,True,mean absolute error,1.5188,1.7523817839455735,DecisionTreeRegressor()
pdays,pdays,1.0,predict_itself,True,,0.0,1.0,
pdays,previous,0.0,regression,True,mean absolute error,0.1646,0.2203750389426709,DecisionTreeRegressor()
pdays,poutcome,0.23961792161780732,classification,True,weighted F1,0.8086619878035733,0.8545100046125638,DecisionTreeClassifier()
pdays,emp.var.rate,0.0,regression,True,mean absolute error,1.27854,1.372150251483085,DecisionTreeRegressor()
pdays,cons.price.idx,0.0003926989710844042,regression,True,mean absolute error,0.5086362000000009,0.5084364590876046,DecisionTreeRegressor()
pdays,cons.conf.idx,0.0,regression,True,mean absolute error,3.7565400000000007,3.9316730675437093,DecisionTreeRegressor()
pdays,euribor3m,0.0,regression,True,mean absolute error,1.341607,1.510962469378641,DecisionTreeRegressor()
pdays,nr.employed,0.0,regression,True,mean absolute error,54.77754000000009,57.30980306670868,DecisionTreeRegressor()
pdays,subscribed,0.19200358765783032,classification,True,weighted F1,0.8338834128245893,0.8657783935317429,DecisionTreeClassifier()
previous,age,0.0,regression,True,mean absolute error,8.334,8.500488279351487,DecisionTreeRegressor()
previous,job,0.0,classification,True,weighted F1,0.1596,0.10027203293757712,DecisionTreeClassifier()
previous,marital,0.0,classification,True,weighted F1,0.4492,0.4473158621801274,DecisionTreeClassifier()
previous,education,0.0,classification,True,weighted F1,0.1952,0.143211464693156,DecisionTreeClassifier()
previous,default,1.4032191920856588e-07,classification,True,weighted F1,0.7042061281337048,0.7042061696400685,DecisionTreeClassifier()
previous,housing,0.0,classification,True,weighted F1,0.4854,0.3784113774236432,DecisionTreeClassifier()
previous,loan,2.0995751663841818e-07,classification,True,weighted F1,0.7506525486764385,0.7506526010288102,DecisionTreeClassifier()
previous,contact,0.0,classification,True,weighted F1,0.5252,0.4949951353586341,DecisionTreeClassifier()
previous,month,0.0,classification,True,weighted F1,0.1936,0.1707285064495433,DecisionTreeClassifier()
previous,day_of_week,0.0,classification,True,weighted F1,0.2008,0.09032961192735488,DecisionTreeClassifier()
previous,duration,0.0,regression,True,mean absolute error,155.2018,169.7612041309898,DecisionTreeRegressor()
previous,campaign,0.0,regression,True,mean absolute error,1.5188,1.7365939181012389,DecisionTreeRegressor()
previous,pdays,0.0,regression,True,mean absolute error,34.3472,42.57430638983316,DecisionTreeRegressor()
previous,previous,1.0,predict_itself,True,,0.0,1.0,
previous,poutcome,0.7758939598634298,classification,True,weighted F1,0.8086619878035733,0.957119995759056,DecisionTreeClassifier()
previous,emp.var.rate,0.05927444521503045,regression,True,mean absolute error,1.27854,1.202755250814775,DecisionTreeRegressor()
previous,cons.price.idx,0.0767921625350928,regression,True,mean absolute error,0.5086362000000009,0.46957692625836883,DecisionTreeRegressor()
previous,cons.conf.idx,0.0,regression,True,mean absolute error,3.7565400000000007,3.9202046987930528,DecisionTreeRegressor()
previous,euribor3m,0.03048659614043714,regression,True,mean absolute error,1.341607,1.3007059692118166,DecisionTreeRegressor()
previous,nr.employed,0.0876905372871597,regression,True,mean absolute error,54.77754000000009,49.9740680861312,DecisionTreeRegressor()
previous,subscribed,0.023600589717164035,classification,True,weighted F1,0.8338834128245893,0.8378038622437317,DecisionTreeClassifier()
poutcome,age,0.0,regression,True,mean absolute error,8.334,8.47531011018677,DecisionTreeRegressor()
poutcome,job,0.0,classification,True,weighted F1,0.1596,0.09956849191356865,DecisionTreeClassifier()
poutcome,marital,0.0,classification,True,weighted F1,0.4492,0.4446470579658776,DecisionTreeClassifier()
poutcome,education,0.0,classification,True,weighted F1,0.1952,0.14808540770766376,DecisionTreeClassifier()
poutcome,default,1.4032191920856588e-07,classification,True,weighted F1,0.7042061281337048,0.7042061696400685,DecisionTreeClassifier()
poutcome,housing,0.0,classification,True,weighted F1,0.4854,0.37823879903879903,DecisionTreeClassifier()
poutcome,loan,2.0995751663841818e-07,classification,True,weighted F1,0.7506525486764385,0.7506526010288102,DecisionTreeClassifier()
poutcome,contact,0.0,classification,True,weighted F1,0.5252,0.4949951353586341,DecisionTreeClassifier()
poutcome,month,0.0,classification,True,weighted F1,0.1936,0.17165325474655532,DecisionTreeClassifier()
poutcome,day_of_week,0.0,classification,True,weighted F1,0.2008,0.08709331187917188,DecisionTreeClassifier()
poutcome,duration,0.0,regression,True,mean absolute error,155.2018,169.33277697442605,DecisionTreeRegressor()
poutcome,campaign,0.0,regression,True,mean absolute error,1.5188,1.7364829346241386,DecisionTreeRegressor()
poutcome,pdays,0.8204379506065635,regression,True,mean absolute error,34.3472,6.16745362292624,DecisionTreeRegressor()
poutcome,previous,0.6882929076565867,regression,True,mean absolute error,0.1646,0.05130698739972584,DecisionTreeRegressor()
poutcome,poutcome,1.0,predict_itself,True,,0.0,1.0,
poutcome,emp.var.rate,0.05588679524942586,regression,True,mean absolute error,1.27854,1.2070864968017991,DecisionTreeRegressor()
poutcome,cons.price.idx,0.06748521488588066,regression,True,mean absolute error,0.5086362000000009,0.47431077674426303,DecisionTreeRegressor()
poutcome,cons.conf.idx,0.0,regression,True,mean absolute error,3.7565400000000007,3.8989537248787594,DecisionTreeRegressor()
poutcome,euribor3m,0.030238106864353687,regression,True,mean absolute error,1.341607,1.301039344164035,DecisionTreeRegressor()
poutcome,nr.employed,0.08756720306573984,regression,True,mean absolute error,54.77754000000009,49.98082403137839,DecisionTreeRegressor()
poutcome,subscribed,0.21903742520384228,classification,True,weighted F1,0.8338834128245893,0.8702691623631409,DecisionTreeClassifier()
emp.var.rate,age,0.0,regression,True,mean absolute error,8.334,8.435594206956335,DecisionTreeRegressor()
emp.var.rate,job,0.017955168365599652,classification,True,weighted F1,0.1596,0.17468952349444994,DecisionTreeClassifier()
emp.var.rate,marital,0.01624935773478472,classification,True,weighted F1,0.4492,0.4581501462403194,DecisionTreeClassifier()
emp.var.rate,education,0.0,classification,True,weighted F1,0.1952,0.1859810313434263,DecisionTreeClassifier()
emp.var.rate,default,1.4032191920856588e-07,classification,True,weighted F1,0.7042061281337048,0.7042061696400685,DecisionTreeClassifier()
emp.var.rate,housing,0.0,classification,True,weighted F1,0.4854,0.4560401618968938,DecisionTreeClassifier()
emp.var.rate,loan,2.0995751663841818e-07,classification,True,weighted F1,0.7506525486764385,0.7506526010288102,DecisionTreeClassifier()
emp.var.rate,contact,0.5788284905011054,classification,True,weighted F1,0.5252,0.8000277672899249,DecisionTreeClassifier()
emp.var.rate,month,0.4336078644134964,classification,True,weighted F1,0.1936,0.5432613818630435,DecisionTreeClassifier()
emp.var.rate,day_of_week,0.0,classification,True,weighted F1,0.2008,0.15798959440266616,DecisionTreeClassifier()
emp.var.rate,duration,0.0,regression,True,mean absolute error,155.2018,169.3061750654831,DecisionTreeRegressor()
emp.var.rate,campaign,0.0,regression,True,mean absolute error,1.5188,1.7202852945598301,DecisionTreeRegressor()
emp.var.rate,pdays,0.0,regression,True,mean absolute error,34.3472,54.754511376166285,DecisionTreeRegressor()
emp.var.rate,previous,0.0,regression,True,mean absolute error,0.1646,0.2121843238650765,DecisionTreeRegressor()
emp.var.rate,poutcome,0.005414964793748455,classification,True,weighted F1,0.8086619878035733,0.8096980764033228,DecisionTreeClassifier()
emp.var.rate,emp.var.rate,1.0,predict_itself,True,,0.0,1.0,
emp.var.rate,cons.price.idx,0.6590229471289067,regression,True,mean absolute error,0.5086362000000009,0.17343327245955226,DecisionTreeRegressor()
emp.var.rate,cons.conf.idx,0.5429803427363684,regression,True,mean absolute error,3.7565400000000007,1.716812623297123,DecisionTreeRegressor()
emp.var.rate,euribor3m,0.9648210540010024,regression,True,mean absolute error,1.341607,0.047196320204877226,DecisionTreeRegressor()
emp.var.rate,nr.employed,0.9478931727035659,regression,True,mean absolute error,54.77754000000009,2.8542838165035174,DecisionTreeRegressor()
emp.var.rate,subscribed,0.07424473940966109,classification,True,weighted F1,0.8338834128245893,0.84621669555105,DecisionTreeClassifier()
cons.price.idx,age,0.0,regression,True,mean absolute error,8.334,8.421540746329281,DecisionTreeRegressor()
cons.price.idx,job,0.04470184003802777,classification,True,weighted F1,0.1596,0.19716742636795853,DecisionTreeClassifier()
cons.price.idx,marital,0.019583776147118006,classification,True,weighted F1,0.4492,0.4599867439018326,DecisionTreeClassifier()
cons.price.idx,education,0.02833279363204106,classification,True,weighted F1,0.1952,0.21800223231506666,DecisionTreeClassifier()
cons.price.idx,default,1.4032191920856588e-07,classification,True,weighted F1,0.7042061281337048,0.7042061696400685,DecisionTreeClassifier()
cons.price.idx,housing,0.0406230074057789,classification,True,weighted F1,0.4854,0.5063045996110138,DecisionTreeClassifier()
cons.price.idx,loan,2.0995751663841818e-07,classification,True,weighted F1,0.7506525486764385,0.7506526010288102,DecisionTreeClassifier()
cons.price.idx,contact,0.8346143252544401,classification,True,weighted F1,0.5252,0.9214748816308082,DecisionTreeClassifier()
cons.price.idx,month,1.0,classification,True,weighted F1,0.1936,1.0,DecisionTreeClassifier()
cons.price.idx,day_of_week,0.0,classification,True,weighted F1,0.2008,0.1932458923616267,DecisionTreeClassifier()
cons.price.idx,duration,0.0,regression,True,mean absolute error,155.2018,169.28926714361765,DecisionTreeRegressor()
cons.price.idx,campaign,0.0,regression,True,mean absolute error,1.5188,1.7247418004664683,DecisionTreeRegressor()
cons.price.idx,pdays,0.0,regression,True,mean absolute error,34.3472,51.406003074286446,DecisionTreeRegressor()
cons.price.idx,previous,0.0,regression,True,mean absolute error,0.1646,0.20303353537247082,DecisionTreeRegressor()
cons.price.idx,poutcome,0.04999557917628066,classification,True,weighted F1,0.8086619878035733,0.818228042541772,DecisionTreeClassifier()
cons.price.idx,emp.var.rate,0.9995620004067054,regression,True,mean absolute error,1.27854,0.0005600000000108721,DecisionTreeRegressor()
cons.price.idx,cons.price.idx,1.0,predict_itself,True,,0.0,1.0,
cons.price.idx,cons.conf.idx,0.9993131977829944,regression,True,mean absolute error,3.7565400000000007,0.0025800000002702828,DecisionTreeRegressor()
cons.price.idx,euribor3m,0.9865885727856449,regression,True,mean absolute error,1.341607,0.017992864630769278,DecisionTreeRegressor()
cons.price.idx,nr.employed,0.9994421071112237,regression,True,mean absolute error,54.77754000000009,0.030560000030659104,DecisionTreeRegressor()
cons.price.idx,subscribed,0.16936167428968119,classification,True,weighted F1,0.8338834128245893,0.8620171961559047,DecisionTreeClassifier()
cons.conf.idx,age,0.0,regression,True,mean absolute error,8.334,8.41933884561372,DecisionTreeRegressor()
cons.conf.idx,job,0.044514218894180176,classification,True,weighted F1,0.1596,0.197009749558669,DecisionTreeClassifier()
cons.conf.idx,marital,0.019583776147118006,classification,True,weighted F1,0.4492,0.4599867439018326,DecisionTreeClassifier()
cons.conf.idx,education,0.028493391112426998,classification,True,weighted F1,0.1952,0.21813148116728126,DecisionTreeClassifier()
cons.conf.idx,default,1.4032191920856588e-07,classification,True,weighted F1,0.7042061281337048,0.7042061696400685,DecisionTreeClassifier()
cons.conf.idx,housing,0.0406230074057789,classification,True,weighted F1,0.4854,0.5063045996110138,DecisionTreeClassifier()
cons.conf.idx,loan,2.0995751663841818e-07,classification,True,weighted F1,0.7506525486764385,0.7506526010288102,DecisionTreeClassifier()
cons.conf.idx,contact,0.8346143252544401,classification,True,weighted F1,0.5252,0.9214748816308082,DecisionTreeClassifier()
cons.conf.idx,month,0.9997383522223267,classification,True,weighted F1,0.1936,0.9997890072320842,DecisionTreeClassifier()
cons.conf.idx,day_of_week,0.0,classification,True,weighted F1,0.2008,0.19300186428140148,DecisionTreeClassifier()
cons.conf.idx,duration,0.0,regression,True,mean absolute error,155.2018,169.27603225989674,DecisionTreeRegressor()
cons.conf.idx,campaign,0.0,regression,True,mean absolute error,1.5188,1.7248191036865042,DecisionTreeRegressor()
cons.conf.idx,pdays,0.0,regression,True,mean absolute error,34.3472,51.37335667446534,DecisionTreeRegressor()
cons.conf.idx,previous,0.0,regression,True,mean absolute error,0.1646,0.20300578492524363,DecisionTreeRegressor()
cons.conf.idx,poutcome,0.04999557917628066,classification,True,weighted F1,0.8086619878035733,0.818228042541772,DecisionTreeClassifier()
cons.conf.idx,emp.var.rate,0.9997497145181125,regression,True,mean absolute error,1.27854,0.0003200000000125538,DecisionTreeRegressor()
cons.conf.idx,cons.price.idx,0.9999461304551105,regression,True,mean absolute error,0.5086362000000009,2.740000060830994e-05,DecisionTreeRegressor()
cons.conf.idx,cons.conf.idx,1.0,predict_itself,True,,0.0,1.0,
cons.conf.idx,euribor3m,0.9866754108456692,regression,True,mean absolute error,1.341607,0.01787636208157422,DecisionTreeRegressor()
cons.conf.idx,nr.employed,0.999718132650078,regression,True,mean absolute error,54.77754000000009,0.015440000035043158,DecisionTreeRegressor()
cons.conf.idx,subscribed,0.16936167428968119,classification,True,weighted F1,0.8338834128245893,0.8620171961559047,DecisionTreeClassifier()
euribor3m,age,0.0,regression,True,mean absolute error,8.334,8.586552675948665,DecisionTreeRegressor()
euribor3m,job,0.05900585596682548,classification,True,weighted F1,0.1596,0.20918852135452012,DecisionTreeClassifier()
euribor3m,marital,0.06552457021139738,classification,True,weighted F1,0.4492,0.48529093327243766,DecisionTreeClassifier()
euribor3m,education,0.029417273239818006,classification,True,weighted F1,0.1952,0.21887502150340554,DecisionTreeClassifier()
euribor3m,default,0.0,classification,True,weighted F1,0.7042061281337048,0.7039099533847594,DecisionTreeClassifier()
euribor3m,housing,0.005661369212960552,classification,True,weighted F1,0.4854,0.4883133405969895,DecisionTreeClassifier()
euribor3m,loan,0.0,classification,True,weighted F1,0.7506525486764385,0.7482223295877023,DecisionTreeClassifier()
euribor3m,contact,0.7462483675828514,classification,True,weighted F1,0.5252,0.8795187249283378,DecisionTreeClassifier()
euribor3m,month,0.8211402010159559,classification,True,weighted F1,0.1936,0.8557674580992668,DecisionTreeClassifier()
euribor3m,day_of_week,0.5969430746086781,classification,True,weighted F1,0.2008,0.6778769052272555,DecisionTreeClassifier()
euribor3m,duration,0.0,regression,True,mean absolute error,155.2018,173.13269974608696,DecisionTreeRegressor()
euribor3m,campaign,0.0,regression,True,mean absolute error,1.5188,1.7330401680815866,DecisionTreeRegressor()
euribor3m,pdays,0.0,regression,True,mean absolute error,34.3472,50.2622163928915,DecisionTreeRegressor()
euribor3m,previous,0.0,regression,True,mean absolute error,0.1646,0.21050795220597268,DecisionTreeRegressor()
euribor3m,poutcome,0.07116622536669741,classification,True,weighted F1,0.8086619878035733,0.8222787919007601,DecisionTreeClassifier()
euribor3m,emp.var.rate,0.9713027326261631,regression,True,mean absolute error,1.27854,0.036690604228145414,DecisionTreeRegressor()
euribor3m,cons.price.idx,0.8115957405391734,regression,True,mean absolute error,0.5086362000000009,0.09582922659596906,DecisionTreeRegressor()
euribor3m,cons.conf.idx,0.8055359302255704,regression,True,mean absolute error,3.7565400000000007,0.7305120566704362,DecisionTreeRegressor()
euribor3m,euribor3m,1.0,predict_itself,True,,0.0,1.0,
euribor3m,nr.employed,0.968899708711382,regression,True,mean absolute error,54.77754000000009,1.7035974500739304,DecisionTreeRegressor()
euribor3m,subscribed,0.20362159541743627,classification,True,weighted F1,0.8338834128245893,0.8677083373305461,DecisionTreeClassifier()
nr.employed,age,0.0,regression,True,mean absolute error,8.334,8.432017635749625,DecisionTreeRegressor()
nr.employed,job,0.02010002533397027,classification,True,weighted F1,0.1596,0.1764920612906686,DecisionTreeClassifier()
nr.employed,marital,0.01624935773478472,classification,True,weighted F1,0.4492,0.4581501462403194,DecisionTreeClassifier()
nr.employed,education,0.0,classification,True,weighted F1,0.1952,0.18620177851806935,DecisionTreeClassifier()
nr.employed,default,1.4032191920856588e-07,classification,True,weighted F1,0.7042061281337048,0.7042061696400685,DecisionTreeClassifier()
nr.employed,housing,0.0,classification,True,weighted F1,0.4854,0.455888172435191,DecisionTreeClassifier()
nr.employed,loan,2.0995751663841818e-07,classification,True,weighted F1,0.7506525486764385,0.7506526010288102,DecisionTreeClassifier()
nr.employed,contact,0.5793472049348446,classification,True,weighted F1,0.5252,0.8002740529030642,DecisionTreeClassifier()
nr.employed,month,0.44343219181774096,classification,True,weighted F1,0.1936,0.5511837194818263,DecisionTreeClassifier()
nr.employed,day_of_week,0.0,classification,True,weighted F1,0.2008,0.1579779051418814,DecisionTreeClassifier()
nr.employed,duration,0.0,regression,True,mean absolute error,155.2018,169.26576795700225,DecisionTreeRegressor()
nr.employed,campaign,0.0,regression,True,mean absolute error,1.5188,1.7205577153571687,DecisionTreeRegressor()
nr.employed,pdays,0.0,regression,True,mean absolute error,34.3472,51.220293358528195,DecisionTreeRegressor()
nr.employed,previous,0.0,regression,True,mean absolute error,0.1646,0.2057769108074187,DecisionTreeRegressor()
nr.employed,poutcome,0.005414964793748455,classification,True,weighted F1,0.8086619878035733,0.8096980764033228,DecisionTreeClassifier()
nr.employed,emp.var.rate,0.9997966430459557,regression,True,mean absolute error,1.27854,0.00026000000002370487,DecisionTreeRegressor()
nr.employed,cons.price.idx,0.6830665166011304,regression,True,mean absolute error,0.5086362000000009,0.16120384264876442,DecisionTreeRegressor()
nr.employed,cons.conf.idx,0.5860844307148707,regression,True,mean absolute error,3.7565400000000007,1.55489039264236,DecisionTreeRegressor()
nr.employed,euribor3m,0.9728542152066133,regression,True,mean absolute error,1.341607,0.03641897489930113,DecisionTreeRegressor()
nr.employed,nr.employed,1.0,predict_itself,True,,0.0,1.0,
nr.employed,subscribed,0.15946878375069376,classification,True,weighted F1,0.8338834128245893,0.8603738229422682,DecisionTreeClassifier()
subscribed,age,0.0,regression,True,mean absolute error,8.334,8.47049210623613,DecisionTreeRegressor()
subscribed,job,0.0,classification,True,weighted F1,0.1596,0.09956849191356865,DecisionTreeClassifier()
subscribed,marital,0.0,classification,True,weighted F1,0.4492,0.4446470579658776,DecisionTreeClassifier()
subscribed,education,0.0,classification,True,weighted F1,0.1952,0.13440165494578823,DecisionTreeClassifier()
subscribed,default,1.4032191920856588e-07,classification,True,weighted F1,0.7042061281337048,0.7042061696400685,DecisionTreeClassifier()
subscribed,housing,0.0,classification,True,weighted F1,0.4854,0.37823879903879903,DecisionTreeClassifier()
subscribed,loan,2.0995751663841818e-07,classification,True,weighted F1,0.7506525486764385,0.7506526010288102,DecisionTreeClassifier()
subscribed,contact,0.0,classification,True,weighted F1,0.5252,0.4949951353586341,DecisionTreeClassifier()
subscribed,month,0.0,classification,True,weighted F1,0.1936,0.17023901167968067,DecisionTreeClassifier()
subscribed,day_of_week,0.0,classification,True,weighted F1,0.2008,0.10795609243198118,DecisionTreeClassifier()
subscribed,duration,0.018480818107271535,regression,True,mean absolute error,155.2018,152.33354376427886,DecisionTreeRegressor()
subscribed,campaign,0.0,regression,True,mean absolute error,1.5188,1.7450496325536016,DecisionTreeRegressor()
subscribed,pdays,0.0,regression,True,mean absolute error,34.3472,59.493928645456236,DecisionTreeRegressor()
subscribed,previous,0.0,regression,True,mean absolute error,0.1646,0.27497281127036566,DecisionTreeRegressor()
subscribed,poutcome,1.9204200000683682e-07,classification,True,weighted F1,0.8086619878035733,0.8086620245485079,DecisionTreeClassifier()
subscribed,emp.var.rate,0.0,regression,True,mean absolute error,1.27854,1.3492366417036412,DecisionTreeRegressor()
subscribed,cons.price.idx,0.005879992398493239,regression,True,mean absolute error,0.5086362000000009,0.5056454230104024,DecisionTreeRegressor()
subscribed,cons.conf.idx,0.0,regression,True,mean absolute error,3.7565400000000007,3.9444593339450256,DecisionTreeRegressor()
subscribed,euribor3m,0.0,regression,True,mean absolute error,1.341607,1.4985760835367499,DecisionTreeRegressor()
subscribed,nr.employed,0.0,regression,True,mean absolute error,54.77754000000009,56.732592164672816,DecisionTreeRegressor()
subscribed,subscribed,1.0,predict_itself,True,,0.0,1.0,
